Set code,Version from:,Name,ZNR List,KHM List,STX List,MH2 List,AFR List,MID List,VOW List,NEO List,SNC List,CLB List
ODY,Odyssey,"Aboshan, Cephalid Emperor",,,,,,,,1,,
HOU,Hour of Devastation,Abrade,1,1,1,,,,,,,
GK1,Guilds of Ravnica Guild Kits,Abrupt Decay,,,,,,1,1,1,1,
CNS,Conspiracy,Academy Elite,,,1,1,1,1,1,,,
CMD,Commander,Acorn Catapult,1,1,1,1,1,1,,,,
CSP,Coldsnap,Adarkar Valkyrie,,1,,,,,,,,
XLN,Ixalan,Admiral Beckett Brass,,,,,,,,,1,
DST,Darksteel,Aether Vial,,,,1,,,,,,
PO2,Portal Second Age,Air Elemental,,,,,1,1,1,1,,
EVG,Duel Decks Anthology,Akki Coalflinger,,,,,,,,1,,
FUT,Future Sight,Akroma's Memorial,1,1,1,1,1,1,,,,
5DN,Fifth Dawn,All Suns' Dawn,,,,,,1,1,1,,
PLS,Planeshift,Alpha Kavu,1,1,1,1,,,,,,
SOI,Shadows over Innistrad,Always Watching,,,,1,1,1,1,1,,
LRW,Lorwyn,Amoeboid Changeling,1,1,1,1,1,1,,,,
THB,Theros Beyond Death,"Anax, Hardened in the Forge",1,,,,,,,,,
ONS,Onslaught,Ancestor's Prophet,1,1,1,1,1,,,,,
PO2,Portal Second Age,Ancient Craving,1,1,1,1,1,1,,,,
MRD,Mirrodin,Ancient Den,,,,1,1,1,1,1,,
TMP,Tempest,Ancient Tomb,,,,,,1,1,1,,
C15,Commander 2015,Angel of Serenity,,,,1,1,1,1,1,1,
TSP,Time Spiral,Angel's Grace,1,1,1,1,1,1,,,,
WAR,War of the Spark,"Angrath, Captain of Chaos",1,1,,,,,,,,
EMA,Eternal Masters,Animate Dead,,,,1,1,1,1,,,
AKH,Amonkhet,Anointed Procession,,,,,,,,1,1,
AKH,Amonkhet,Anointer Priest,1,1,1,,,,,,,
M19,Core Set 2019,"Arcades, the Strategist",,,,,1,1,1,1,,
JUD,Judgment,Arcane Teachings,,,1,1,1,1,1,,,
DST,Darksteel,Arcbound Overseer,,,,1,1,1,1,1,,
DST,Darksteel,Arcbound Slith,1,1,1,1,1,,,,,
BNG,Born of the Gods,Archetype of Aggression,,,,,,1,1,1,,
ARB,Alara Reborn,Architects of Will,,,,,,,,1,,
ZEN,Zendikar,Archive Trap,,,1,1,1,1,1,,,
MH1,Modern Horizons,Arcum's Astrolabe,1,1,,,,,,,,
WAR,War of the Spark,"Arlinn, Voice of the Pack",,,,,,1,1,1,,
VIS,Visions,Army Ants,1,1,,,,,,,,
SLX,Universes Within,"Arvinox, the Mind Flail",,,,,,,,,1,
MH2,Modern Horizons 2,Asmoranomardicadaistinaculdacar,,,,,,,,,1,
POR,Portal,Assassin's Blade,,,,,1,1,1,1,,
IMA,Iconic Masters,Assault Formation,,,,,,,1,1,,
INV,Invasion,Aura Shards,,,,1,1,1,1,1,,
PLC,Planar Chaos,Aven Riftwatcher,1,1,1,1,1,1,,,,
STH,Stronghold,Awakening,1,1,1,1,,,,,,
DDD,Duel Decks: Garruk vs. Liliana,Bad Moon,,,,,,,1,1,,
ISD,Innistrad,Balefire Dragon,,,,,1,1,1,,,
EVE,Eventide,Balefire Liege,,,1,1,1,1,1,1,,
TSR,Time Spiral Remastered,"Baral, Chief of Compliance",,,,,,,1,1,,
NPH,New Phyrexia,Batterskull,,,,,,,,1,,
M13,Magic 2013,Battle of Wits,1,1,1,1,1,1,,,,
ELD,Throne of Eldraine,Beanstalk Giant,,1,1,,,,,,,
DGM,Dragon's Maze,Beck//Call,1,1,,,,,,,,
USG,Urza's Saga,Bedlam,,,,,,,,1,,
GK2,Ravnica Allegiance Guild Kits,Belfry Spirit,1,1,1,1,1,1,,,,
XLN,Ixalan,Belligerent Brontodon,,,,,,,1,1,,
GPT,Guildpact,Benediction of Moons,,,,,,,1,1,,
SHM,Shadowmoor,Beseech the Queen,1,1,1,1,,,,,,
GTC,Gatecrash,Biomass Mutation,,,1,1,1,1,1,,,
MH1,Modern Horizons,Birthing Boughs,,1,1,1,1,1,1,,,
SLX,Universes Within,"Bjorna, Nightfall Alchemist",,,,,,,,,1,
SS2,Signature Spellbook: Gideon,Blackblade Reforged,,,,1,1,1,1,,,
BOK,Betrayers of Kamigawa,Blazing Shoal,,,,,,,,1,,
SOM,Scars of Mirrodin,Bleak Coven Vampires,,,,,,1,1,1,,
SHM,Shadowmoor,Blight Sickle,1,1,1,1,1,1,,,,
SOK,Saviors of Kamigawa,Blood Clock,,,,,,,1,1,,
DIS,Dissension,Blood Crypt,,,,,,,1,1,,
A25,Masters 25,Blood Moon,,,,,,,1,1,1,
TMP,Tempest,Blood Pet,,,,,,,1,1,,
C13,Commander 2013,Blood Rites,,,,,,,1,1,,
ZEN,Zendikar,Bloodchief Ascension,,,,,,,1,1,,
ZEN,Zendikar,Bloodghast,1,,,,,,,,,
EVE,Eventide,Bloodied Ghost,,,1,1,1,1,1,,,
M12,Magic 2012,Bloodlord of Vaasgoth,1,1,1,1,1,,,,,
TDS,Urza's Destiny,Body Snatcher,1,1,1,1,1,1,,,,
M14,Magic 2014,Bogbrew Witch,1,1,1,,,,,,,
SHM,Shadowmoor,Boggart Arsonists,1,1,1,1,,,,,,
WTH,Weatherlight,Boiling Blood,,,,,,,1,1,,
WWK,Worldwake,Bojuka Bog,1,,,,,,,,,
C19,Commander 2019,Bone Miser,,,,1,,,,,,
ELD,Throne of Eldraine,Bonecrusher Giant,,1,,,,,,,,
CMA,Commander Anthology,Bonehoard,1,1,1,1,1,,,,,
GRN,Guilds of Ravnica,Boros Challenger,1,1,1,1,1,,,,,
EMA,Eternal Masters,"Brago, King Eternal",,,,,,,,1,1,
SCG,Scourge,Brain Freeze,1,1,1,1,,,,,,
SS1,Signature Spellbook: Jace,Brainstorm,1,,,,,,,,,
C20,Commander 2020,"Brallin, Skyshark Rider",,1,,,,,,,,
ELD,Throne of Eldraine,Brazen Borrower,1,,,,,,,,,
FUT,Future Sight,Bridge from Below,,,,1,,,,,,
CMR,Commander Legends,"Brinelin, the Moon Kraken",,,,,,,1,1,,
ULG,Urza's Legacy,Brink of Madness,1,1,1,1,1,,,,,
MRD,Mirrodin,Broodstar,1,1,1,1,1,,,,,
CHK,Champions of Kamigawa,Brothers Yamazaki,1,1,1,,,,,,,
JMP,Jumpstart,Bruvac the Grandiloquent,,,,1,1,,,,,
P10,Magic Player Rewards 2010,Burst Lightning,1,1,,,,,,,,
MIR,Mirage,Cadaverous Knight,1,1,1,1,,,,,,
GTC,Gatecrash,Call of the Nightwing,,,,,,1,1,1,,
THB,Theros Beyond Death,"Callaphe, Beloved of the Sea",,,,1,,,,,,
STH,Stronghold,Calming Licid,1,1,1,1,1,,,,,
ZNR,Zendikar Rising,Canyon Jerboa,,,,1,1,,,,,
M11,Magic 2011,Captivating Vampire,,,,,1,1,1,1,,
M13,Magic 2013,Cathedral of War,1,1,1,1,1,,,,,
M20,Core Set 2020,Cavalier of Night,,,,,,,1,1,1,
AVR,Avacyn Restored,Cavern of Souls,,1,1,1,1,1,1,,,
SLX,Universes Within,"Cecily, Haunted Mage",,,,,,,,,1,
DIS,Dissension,Celestial Ancient,,,,1,1,1,1,1,,
MMQ,Mercadian Masques,Ceremonial Guard,,,,,,,1,1,,
DDQ,Duel Decks: Blessed vs. Cursed,Champion of the Parish,,,,,,1,1,1,1,
M11,Magic 2011,Chandra Nalaar,,,,,,,1,1,,
ODY,Odyssey,Chatter of the Squirrel,,,,1,1,1,1,,,
GRN,Guilds of Ravnica,Chemister's Insight,1,1,1,1,1,,,,,
BNG,Born of the Gods,Chromanticore,1,1,,,,,,,,
ELD,Throne of Eldraine,"Chulane, Teller of Tales",1,,,,,,,,,
5DN,Fifth Dawn,Clearwater Goblet,1,1,1,1,1,1,,,,
AFR,Adventures in the Forgotten Realms,Cloister Gargoyle,,,,,,1,1,1,,
FUT,Future Sight,Cloud Key,,,,,1,1,1,1,,
LRW,Lorwyn,Cloudgoat Ranger,1,1,1,,,,,,,
TMP,Tempest,Cold Storage,,1,1,1,1,1,1,,,
KLD,Kaladesh,Combustible Gearhulk,,1,1,1,,,,,,
C15,Commander 2015,Command Beacon,1,1,1,,,,,,,
KLD,Kaladesh,Commencement of Festivities,,,,,,,1,1,,
STX,Strixhaven: School of Mages,Confront the Past,,,,,,,,1,1,
SOM,Scars of Mirrodin,Contagion Engine,1,1,1,1,1,1,,,,
CNS,Conspiracy,Council's Judgment,1,1,1,1,,,,,,
C18,Commander 2018,Coveted Jewel,,,,,1,1,1,1,1,
CN2,Conspiracy: Take the Crown,Coveted Peacock,1,1,1,,,,,,,
USG,Urza's Saga,Cradle Guard,1,1,1,1,1,1,,,,
TSR,Time Spiral Remastered,Cranial Plating,,1,1,1,1,1,1,,,
HOU,Hour of Devastation,Crested Sunmare,,1,1,1,1,1,1,,,
M13,Magic 2013,Crimson Muckwader,,,,,,,1,1,,
C17,Commander 2017,"Crosis, the Purger",,,,,,,,,1,
M12,Magic 2012,Crown of Empires,1,1,1,1,1,,,,,
WAR,War of the Spark,Cruel Celebrant,,,,,,,1,1,,
POR,Portal,Cruel Tutor,1,1,,,,,,,,
LRW,Lorwyn,Cryptic Command,1,,,,,,,,,
STH,Stronghold,Crystalline Sliver,1,1,,,,,,,,
SOI,Shadows over Innistrad,Cult of the Waxing Moon,,,,,,,1,1,,
ELD,Throne of Eldraine,Curious Pair,1,,,,,,,,,
AKH,Amonkhet,Cut//Ribbons,1,1,,,,,,,,
CSP,Coldsnap,Dark Depths,,1,1,1,1,1,1,,,
C15,Commander 2015,Daxos the Returned,,,,,1,1,1,1,,
THB,Theros Beyond Death,"Daxos, Blessed by the Sun",,1,,,,,,,,
ORI,Magic Origins,Day's Undoing,,,,,,,1,1,1,
P02,Portal Second Age,Deathcoil Wurm,,,,,,,1,1,,
ELD,Throne of Eldraine,Deathless Knight,,,1,1,1,1,1,,,
SCG,Scourge,Decree of Annihilation,1,1,1,,,,,,,
XLN,Ixalan,Deeproot Champion,,,1,1,1,1,1,,,
UMA,Ultimate Masters,Demonic Tutor,,,,,1,1,1,1,,
ARB,Alara Reborn,Deny Reality,,,,,,,,1,,
APC,Apocalypse,Desolation Angel,,1,1,1,1,1,1,,,
AFR,Adventures in the Forgotten Realms,Dire Wolf Prowler,,,,,,1,1,1,,
DKA,Dark Ascension,Diregraf Captain,1,1,,,,,,,,
P07,Magic Player Rewards 2007,Disenchant,1,1,,,,,,,,
AER,Aether Revolt,Dispersal Technician,,,,,,,,1,,
NEM,Nemesis,Divining Witch,,,,,,1,1,1,,
GPT,Guildpact,Djinn Illuminatus,1,1,1,,,,,,,
P11,Magic Player Rewards 2011,Doom Blade,1,1,,,,,,,,
JOU,Journey into Nyx,Doomwake Giant,1,1,1,1,1,,,,,
HOP,Planechase,Door to Nothingness,1,1,1,1,1,1,,,,
LRW,Lorwyn,"Doran, the Siege Tower",1,1,1,,,,,,,
10E,Tenth Edition,Doubling Cube,,,,,1,1,1,1,,
DTK,Dragons of Tarkir,Dragonlord Atarka,,,,1,,,,,,
DTK,Dragons of Tarkir,Dragonlord Dromoka,,,,,1,1,1,1,,
RAV,Ravnica: City of Guilds,Drift of Phantasms,1,1,1,,,,,,,
INV,Invasion,"Dromar, the Banisher",1,1,1,,,,,,,
FUT,Future Sight,Dryad Arbor,1,1,1,1,1,1,,,,
GK1,Guilds of Ravnica Guild Kits,Dryad Militant,,,,,,,1,1,,
AVR,Avacyn Restored,Dual Casting,,,1,1,1,1,1,,,
GPT,Guildpact,Dune-Brood Nephilim,1,,,,,,,,,
STH,Stronghold,Dungeon Shade,,,,,1,1,1,1,,
MIR,Mirage,Early Harvest,,,,,,1,1,1,,
JOU,Journey into Nyx,Eidolon of Blossoms,,,,,,,,1,,
CHK,Champions of Kamigawa,Eiganjo Castle,,,,,1,1,1,1,,
OGW,Oath of the Gatewatch,Eldrazi Displacer,1,,,,,,,,,
DDP,Duel Decks: Zendikar vs. Eldrazi,Eldrazi Temple,1,,,,,,,,,
KLD,Kaladesh,Electrostatic Pummeler,1,1,1,1,1,,,,,
RIX,Rivals of Ixalan,"Elenda, the Dusk Rose",,,1,1,1,1,1,,,
SLX,Universes Within,"Elmar, Ulvenwald Informant",,,,,,,,,1,
THB,Theros Beyond Death,Elspeth Conquers Death,,1,1,1,1,1,1,,,
THB,Theros Beyond Death,"Elspeth, Undaunted Hero",,,,,,,,,1,
DDU,Duel Decks: Elves vs. Inventors,Elvish Archdruid,1,1,1,1,1,,,,,
ZEN,Zendikar,Emeria Angel,1,,,,,,,,,
ZEN,Zendikar,"Emeria, the Sky Ruin",1,,,,,,,,,
XLN,Ixalan,Emissary of Sunrise,,,,,,1,1,1,,
ROE,Rise of the Eldrazi,"Emrakul, the Aeons Torn",1,1,,,,,,,,
ROE,Rise of the Eldrazi,Enclave Cryptologist,1,1,1,1,1,1,,,,
USG,Urza's Saga,Endless Wurm,,,,,,,,1,,
MH1,Modern Horizons,Endling,1,1,1,1,1,,,,,
MIR,Mirage,Enlightened Tutor,1,1,1,1,1,,,,,
MM3,Modern Masters 2017,Entreat the Angels,1,1,1,1,1,1,,,,
C18,Commander 2018,Entreat the Dead,,,,1,1,1,1,1,,
EXO,Exodus,Erratic Portal,1,1,1,1,1,1,1,,,
SOK,Saviors of Kamigawa,Eternal Dominion,1,1,1,1,1,,,,,
5DN,Fifth Dawn,Eternal Witness,1,,,,,,,,,
PC2,Planechase 2012,Etherium-Horn Sorcerer,1,1,1,,,,,,,
WWK,Worldwake,Everflowing Chalice,1,,,,,,,,,
SOK,Saviors of Kamigawa,Evermind,1,1,1,1,,,,,,
2XM,Double Masters,Expedition Map,,,,,1,1,1,1,,
RNA,Ravnica Allegiance,Expose to Daylight,,,,,,1,1,1,,
JMP,Jumpstart,Exquisite Blood,,,,,,,1,1,1,
TMP,Tempest,Extinction,1,1,1,1,1,1,,,,
IKO,Ikoria: Lair of Behemoths,Exuberant Wolfbear,,,,,,,1,1,,
RAV,Ravnica: City of Guilds,Eye of the Storm,1,1,1,1,1,1,,,,
C15,Commander 2015,"Ezuri, Claw of Progress",1,1,,,,,,,,
M10,Magic 2010,Fabricate,1,1,,,,,,,,
MH1,Modern Horizons,Fact or Fiction,,,,1,1,1,1,1,,
DDK,Duel Decks: Sorin vs. Tibalt,Faithless Looting,,,,,,1,1,1,,
OGW,Oath of the Gatewatch,Fall of the Titans,1,,,,,,,,,
GK2,Ravnica Allegiance Guild Kits,Fathom Mage,1,1,1,1,1,,,,,
C15,Commander 2015,Fellwar Stone,1,1,1,1,1,1,,,,
M14,Magic 2014,Fiendslayer Paladin,,,,,,1,1,1,,
ELD,Throne of Eldraine,Fierce Witchstalker,,,,,,1,1,1,,
MM3,Modern Masters 2017,Fiery Justice,1,1,1,,,,,,,
ARB,Alara Reborn,Filigree Angel,,,,1,1,1,1,1,,
BOK,Betrayers of Kamigawa,Final Judgment,,,,,,,,1,,
DD2,Duel Decks: Jace vs. Chandra,Fireball,,,,,1,1,1,1,,
RAV,Ravnica: City of Guilds,Firemane Angel,,,1,1,1,1,1,,,
DGM,Dragon's Maze,Flesh // Blood,,,,,,,1,1,,
MH2,Modern Horizons 2,Floodhound,,,,,,,1,1,,
ELD,Throne of Eldraine,Flutterfox,,,,,,,,1,,
TDS,Urza's Destiny,Fodder Cannon,1,1,1,1,1,1,,,,
FUT,Future Sight,Fomori Nomad,1,1,1,1,,,,,,
MMQ,Mercadian Masques,Food Chain,1,1,1,,,,,,,
TMP,Tempest,Fool's Tome,,,1,1,1,1,1,,,
FUT,Future Sight,Force of Savagery,,,,,,,,1,,
LRW,Lorwyn,Forced Fruition,1,1,1,1,,,,,,
PC2,Planechase 2012,Fractured Powerstone,1,1,1,1,1,1,,,,
C14,Commander 2014,"Freyalise, Llanowar's Fury",,1,1,1,,,,,,
M11,Magic 2011,Frost Titan,,1,1,1,1,1,1,,,
PLC,Planar Chaos,Gaea's Anthem,1,1,1,1,1,1,,,,
MH2,Modern Horizons 2,Gaea's Will,,,,,,1,1,1,,
AKH,Amonkhet,Gate to the Afterlife,,,,,,1,1,1,,
ZEN,Zendikar,Gatekeeper of Malakir,1,1,1,1,1,1,,,,
TSP,Time Spiral,Gauntlet of Power,,,,,1,1,1,1,,
LGN,Legions,Gempalm Polluter,1,1,1,1,,,,,,
TSP,Time Spiral,Gemstone Caverns,,,,,1,1,1,1,,
TSB,Time Spiral (Timeshifted),Gemstone Mine,1,1,1,1,,,,,,
IKO,Ikoria: Lair of Behemoths,General Kudro of Drannith,,,,,,1,1,1,,
M15,Magic 2015,Genesis Hydra,1,,,,,,,,,
DKA,Dark Ascension,Geralf's Messenger,,,,,,,1,1,,
DOM,Dominaria,Ghitu Chronicler,,,1,1,1,1,1,,,
BFZ,Battle for Zendikar,"Gideon, Ally of Zendikar",1,,,,,,,,,
M19,Core Set 2019,Gigantosaurus,1,1,1,1,1,,,,,
EMN,Eldritch Moon,Gisa and Geralf,,,,,,,1,1,1,
AVR,Avacyn Restored,"Gisela, Blade of Goldnight",,,1,1,1,1,1,,,
MH1,Modern Horizons,Giver of Runes,,1,1,,,,,,,
LGN,Legions,Goblin Assassin,,,,1,1,1,1,,,
DDT,Duel Decks: Merfolk vs. Goblins,Goblin Chieftain,1,1,1,1,1,,,,,
M12,Magic 2012,Goblin Grenade,1,,,,,,,,,
PO2,Portal Second Age,Goblin Lore,1,1,1,1,1,1,,,,
ALA,Shards of Alara,Godsire,1,1,1,1,,,,,,
SHM,Shadowmoor,Goldenglow Moth,1,1,1,,,,,,,
SOM,Scars of Mirrodin,Golem's Heart,,,,,1,1,1,1,,
RAV,Ravnica: City of Guilds,Golgari Thug,1,1,1,1,1,1,,,,
BBD,Battlebond,Gorm the Great,1,,,,,,,,,
MMA,Modern Masters,Grand Arbiter Augustin IV,,,,1,1,1,1,1,,
10E,Tenth Edition,Graveborn Muse,,,,,,1,1,1,,
ONS,Onslaught,Gravespawn Sovereign,,,,,,1,1,1,,
IMA,Iconic Masters,Great Teacher's Decree,,,1,1,1,1,1,,,
A25,Masters 25,"Grenzo, Dungeon Warden",,,,,1,1,1,1,,
FRF,Fate Reforged,Grim Haruspex,1,1,1,,,,,,,
CSP,Coldsnap,Grim Harvest,1,1,1,1,1,,,,,
ISD,Innistrad,Grimoire of the Dead,,,1,1,1,1,1,,,
HOU,Hour of Devastation,Grind // Dust,,,1,1,1,1,1,,,
JUD,Judgment,Grizzly Fate,1,1,1,1,1,,,,,
PLC,Planar Chaos,Groundbreaker,1,1,1,1,1,1,,,,
ISD,Innistrad,Gutter Grime,,,,,,,1,1,,
E01,Archenemy: Nicol Bolas,Guttersnipe,,,1,1,1,1,1,,,
DDS,Duel Decks: Mind vs. Might,Guttural Response,,,,1,1,1,1,1,,
ROE,Rise of the Eldrazi,Guul Draz Assassin,,,,,,,1,1,,
CHK,Champions of Kamigawa,Hall of the Bandit Lord,,,,,,,,1,,
MMQ,Mercadian Masques,Hammer Mage,1,1,1,1,1,,,,,
THS,Theros,Hammer of Purphoros,1,1,1,1,1,1,,,,
CMR,Commander Legends,Hans Eriksson,,1,,,,,,,,
MH2,Modern Horizons 2,Hard Evidence,,,,,,1,1,1,,
SLX,Universes Within,"Hargilde, Kindly Runechanter",,,,,,,,,1,
P08,Magic Player Rewards 2008,Harmonize,1,1,,,,,,,,
SOK,Saviors of Kamigawa,Haru-Onna,,,,,,,,1,,
HOU,Hour of Devastation,Hashep Oasis,1,1,1,1,1,,,,,
M14,Magic 2014,Haunted Plate Mail,,,,,1,1,1,1,,
SLX,Universes Within,"Havengul Laboratory//
Havengul Mystery",,,,,,,,,1,
CNS,Conspiracy,Heartless Hidetsugu,,,,,,,,1,,
FUT,Future Sight,Heartwood Storyteller,,,1,1,1,1,1,,,
EVE,Eventide,Helix Pinnacle,1,1,1,1,1,1,,,,
ALA,Shards of Alara,Hell's Thunder,1,1,1,1,1,,,,,
RAV,Ravnica: City of Guilds,Helldozer,,,,,,1,1,1,,
ALA,Shards of Alara,Hellkite Overlord,,,,,1,1,1,1,,
5DN,Fifth Dawn,Helm of Kaldra,1,1,1,1,1,,,,,
DKA,Dark Ascension,Helvault,,,,,,1,1,1,,
C17,Commander 2017,Herald's Horn,,1,1,1,1,1,1,,,
STH,Stronghold,Hermit Druid,,,,,1,1,1,1,,
SOK,Saviors of Kamigawa,Hidetsugu's Second Rite,1,1,1,1,1,1,,,,
DOM,Dominaria,History of Benalia,1,,,,,,,,,
BOK,Betrayers of Kamigawa,"Hokori, Dust Drinker",,,,,,1,1,1,,
EMA,Eternal Masters,Honden of Infinite Rage,,,,,,1,1,1,,
CHK,Champions of Kamigawa,Honden of Seeing Winds,,,,,,,,1,,
5DN,Fifth Dawn,Horned Helm,,1,,,,,,,,
M10,Magic 2010,Howling Mine,,,,,,,1,1,,
C13,Commander 2013,"Hua Tuo, Honored Physician",1,1,1,,,,,,,
THS,Theros,Hundred-Handed One,1,1,1,1,,,,,,
RAV,Ravnica: City of Guilds,Hunted Dragon,1,,,,,,,,,
C13,Commander 2013,Hunted Troll,,1,,,,,,,,
TSP,Time Spiral,"Ib Halfheart, Goblin Tactician",,,,,,1,1,1,,
APC,Apocalypse,Ice Cave,,1,,,,,,,,
MH1,Modern Horizons,Ice-Fang Coatl,,1,1,,,,,,,
APC,Apocalypse,Illusion // Reality,,,,,,,,1,,
GTC,Gatecrash,Illusionist's Bracers,,,,,,,,1,,
C06,Magic Champs and States,Imperious Perfect,1,1,,,,,,,,
BOK,Betrayers of Kamigawa,"Ink-Eyes, Servant of Oni",,,,,,,,1,,
CSP,Coldsnap,Into the North,,1,,,,,,,,
KLD,Kaladesh,Inventors' Fair,1,1,1,1,1,,,,,
M15,Magic 2015,Invisibility,,,,,1,1,1,1,,
ISD,Innistrad,Invisible Stalker,,,,,1,1,1,1,,
EMN,Eldritch Moon,"Ishkanah, Grafwidow",1,1,1,1,1,1,,,,
JMP,Jumpstart,Island,,,1,,,,,,,
MRD,Mirrodin,Isochron Scepter,1,1,1,1,1,1,,,,
CNS,Conspiracy,Iterative Analysis,1,1,1,,,,,,,
TSP,Time Spiral,"Ith, High Arcanist",1,1,,,,,,,,
ONS,Onslaught,"Ixidor, Reality Sculptor",1,1,,,,,,,,
MH2,Modern Horizons 2,Jade Avenger,,,,,,,,1,,
RIX,Rivals of Ixalan,Jadelight Ranger,1,1,1,1,1,1,,,,
DOM,Dominaria,Jaya's Immolating Inferno,1,,,,,,,,,
TMP,Tempest,Jet Medallion,,,,,,,1,1,,
NPH,New Phyrexia,"Jin-Gitaxias, Core Augur",,,,,,,,1,,
CSP,Coldsnap,Jokulmorder,,1,,,,,,,,
ROE,Rise of the Eldrazi,Joraga Treespeaker,,,,,,,1,1,,
CSP,Coldsnap,Jötun Grunt,,1,,,,,,,,
BBD,Battlebond,Jubilant Mascot,,,1,1,,,,,,
IMA,Iconic Masters,"Jugan, the Rising Star",,,,,,,,1,1,
M10,Magic 2010,Jump,,,,,1,1,1,1,,
CSP,Coldsnap,Juniper Order Ranger,,,,1,1,1,1,1,,
INV,Invasion,Juntu Stakes,,,,,,,1,1,,
WWK,Worldwake,Jwari Shapeshifter,1,,,,,,,,,
WWK,Worldwake,Kalastria Highborn,1,,,,,,,,,
M14,Magic 2014,Kalonian Hydra,1,1,1,1,1,,,,,
CMD,Commander,"Karador, Ghost Chieftain",,,,,,,1,1,,
BNG,Born of the Gods,"Karametra, God of Harvests",,,,,,1,1,1,,
AER,Aether Revolt,"Kari Zev, Skyship Raider",,,,1,,,,,,
C14,Commander 2014,Karoo,,,,,,1,1,1,,
C21,Commander 2021,"Kaseto, Orochi Archmage",,,,,,,,1,1,
WAR,War of the Spark,"Kasmina, Enigmatic Mentor",,,1,,,,,,,
CN2,Conspiracy: Take the Crown,"Kaya, Ghost Assassin",,1,,,,,,,,
MB1,Mystery Booster (playtest card),"Kaya, Ghost Haunter",,,,,,1,1,1,,
ZEN,Zendikar,Kazandu Blademaster,1,,,,,,,,,
LGN,Legions,Keeper of the Nine Gales,1,1,1,,,,,,,
ROE,Rise of the Eldrazi,Khalni Hydra,1,,,,,,,,,
TSP,Time Spiral,Kher Keep,1,1,1,1,1,1,,,,
CHK,Champions of Kamigawa,"Kiki-Jiki, Mirror Breaker",,,,,,,,1,,
DDG,Duel Decks: Knights vs. Dragons,Kilnmouth Dragon,1,1,1,1,1,,,,,
C17,Commander 2017,Kindred Discovery,,1,1,1,1,1,1,,,
GTC,Gatecrash,Kingpin's Pet,1,1,1,1,1,,,,,
MBS,Mirrodin Besieged,Knowledge Pool,,,1,1,1,1,1,,,
FUT,Future Sight,"Korlash, Heir to Blackblade",1,1,1,1,,,,,,
ELD,Throne of Eldraine,"Korvold, Fae-Cursed King",,1,,,1,1,1,1,,
UMA,Ultimate Masters,"Kozilek, Butcher of Truth",,,1,1,,,,,,
MRD,Mirrodin,Krark's Thumb,1,1,1,1,1,1,,,,
WAR,War of the Spark,"Krenko, Tin Street Kingpin",,,,,,,,,1,
BBD,Battlebond,Land Tax,1,1,1,1,,,,,,
LRW,Lorwyn,Lash Out,1,1,1,1,1,,,,,
EMN,Eldritch Moon,Lashweed Lurker,1,1,1,1,1,,,,,
MOR,Morningtide,Latchkey Faerie,1,1,1,1,1,,,,,
MH2,Modern Horizons 2,Late to Dinner,,,,,,,1,1,,
DDK,Duel Decks: Sorin vs. Tibalt,Lavaborn Muse,,,,,,,,1,,
GRN,Guilds of Ravnica,"Lazav, the Multifarious",1,1,,,,,,,,
PCY,Prophecy,Lesser Gargadon,,,,1,1,1,1,,,
ARB,Alara Reborn,Lich Lord of Unx,,,,,,1,1,1,,
TMP,Tempest,Light of Day,,,,,,,1,1,,
RNA,Ravnica Allegiance,Light Up the Stage,1,1,1,1,1,1,,,,
TSB,Time Spiral (Timeshifted),Lightning Angel,1,1,1,,,,,,,
TSP,Time Spiral,Lightning Axe,,,,1,1,1,1,,,
PRM,MagicFest Promo,Lightning Bolt,1,1,,,,,,,,
A25,Masters 25,Lightning Bolt,,,,1,1,1,1,1,,
MOR,Morningtide,Lightning Crafter,1,1,1,1,1,,,,,
EMN,Eldritch Moon,"Liliana, the Last Hope",,,1,,,,,,,
M21,Core Set 2021,Liliana's Devotee,,1,1,1,,,,,,
A25,Masters 25,Living Death,1,1,1,,,,,,,
ARC,Archenemy,Llanowar Reborn,1,1,1,1,1,,,,,
TOR,Torment,"Llawan, Cephalid Empress",,,,,,1,1,1,,
MH2,Modern Horizons 2,"Lonis, Cryptozoologist",,,,,,1,1,1,1,
PLS,Planeshift,Lord of the Undead,1,1,1,1,1,1,,,,
ZEN,Zendikar,"Lorthos, the Tidemaker",1,,,,,,,,,
TSP,Time Spiral,Lotus Bloom,1,1,1,1,1,1,,,,
C18,Commander 2018,Loyal Apprentice,,,,,,1,1,1,,
C18,Commander 2018,Loyal Unicorn,1,1,1,,,,,,,
IKO,Ikoria: Lair of Behemoths,"Lukka, Coppercoat Outcast",,,1,,,,,,,
5DN,Fifth Dawn,Lunar Avenger,,,,,,,1,1,,
ARB,Alara Reborn,Maelstrom Nexus,1,1,1,1,1,,,,,
INV,Invasion,Mages' Contest,,,1,,,,,,,
FUT,Future Sight,Magus of the Moon,,,,,,1,1,1,,
AVR,Avacyn Restored,Malignus,,,,,,1,1,1,,
VIS,Visions,Man-o'-War,1,1,1,1,,,,,,
M20,Core Set 2020,Marauding Raptor,1,1,1,1,,,,,,
DGM,Dragon's Maze,Master of Cruelties,,,,1,1,1,1,1,,
A25,Masters 25,Master of the Wild Hunt,,,,,,1,1,1,1,
SOM,Scars of Mirrodin,Memnite,1,1,1,1,1,1,,,,
RTR,Return to Ravnica,Mercurial Chemister,,,1,1,1,1,1,,,
RIX,Rivals of Ixalan,Merfolk Mistbinder,1,1,1,1,1,,,,,
SOK,Saviors of Kamigawa,"Michiko Konda, Truth Seeker",,,,,,,,1,,
ELD,Throne of Eldraine,Midnight Clock,,,,,,1,1,1,1,
UMA,Ultimate Masters,"Mikaeus, the Unhallowed",,,,,,1,1,1,1,
RAV,Ravnica: City of Guilds,Mindmoil,,,,,,1,1,1,,
ODY,Odyssey,Mindslicer,,,,1,1,1,1,1,,
BOK,Betrayers of Kamigawa,Mirror Gallery,,,,,,,,1,,
OGW,Oath of the Gatewatch,Mirrorpool,,,1,1,1,1,1,,,
SCG,Scourge,Mischievous Quanar,1,1,1,1,,,,,,
SHM,Shadowmoor,Mistmeadow Witch,,,,,,,1,1,,
WAR,War of the Spark,Mizzium Tank,,,,,,,,1,1,
C15,Commander 2015,Mizzix of the Izmagnus,,,1,1,1,1,1,,,
NEM,Nemesis,Moggcatcher,1,1,1,1,1,,,,,
M20,Core Set 2020,Moldervine Reclamation,,,1,1,1,1,1,,,
FRF,Fate Reforged,Monastery Mentor,1,1,1,,,,,,,
TMP,Tempest,Mongrel Pack,,,,,,,1,1,,
GS1,Global Series: Jiang Yanggu & Mu Yanling,Moon-Eating Dog,1,1,,,,,,,,
EVE,Eventide,Moonhold,,,,,,,1,1,,
TSP,Time Spiral,Moonlace,,,,,,1,1,1,,
ISD,Innistrad,Moonmist,1,1,1,1,1,1,,,,
MH1,Modern Horizons,"Morophon, the Boundless",,1,1,1,1,1,1,,,
P07,Magic Player Rewards 2007,Mortify,,,,,,1,1,1,,
UNH,Unhinged,Mountain,,,,1,1,,,,,
DOM,Dominaria,"Muldrotha, the Gravetide",1,1,1,,,,,,,
KTK,Khans of Tarkir,Murderous Cut,1,1,1,1,,,,,,
SHM,Shadowmoor,Murderous Redcap,1,1,,,,,,,,
EVE,Eventide,Murkfiend Liege,,,,,,,1,1,,
TMP,Tempest,Muscle Sliver,1,1,1,1,1,,,,,
5DN,Fifth Dawn,Mycosynth Golem,1,1,1,1,1,1,,,,
SS1,Signature Spellbook: Jace,Mystical Tutor,,1,,,,,,,,
CHK,Champions of Kamigawa,"Nagao, Bound by Honor",,,,,,,,1,,
C14,Commander 2014,"Nahiri, the Lithomancer",1,,,,,,,,,
APC,Apocalypse,Necravolver,1,1,1,1,1,,,,,
VIS,Visions,Necromancy,1,1,1,1,1,1,,,,
PLC,Planar Chaos,Necrotic Sliver,1,1,1,1,1,1,,,,
P09,Magic Player Rewards 2009,Negate,1,1,,,,,,,,
EMN,Eldritch Moon,Nephalia Academy,,,1,1,1,1,1,,,
CHK,Champions of Kamigawa,Nezumi Graverobber,1,1,1,1,1,,,,,
A25,Masters 25,Nicol Bolas,1,1,1,1,1,1,,,,
APC,Apocalypse,Night // Day,,,,,,1,1,1,,
AKH,Amonkhet,Nightmare,,,,,1,1,1,1,1,
AVR,Avacyn Restored,Nightshade Peddler,1,1,1,1,1,,,,,
ZEN,Zendikar,Nissa Revane,1,,,,,,,,,
WAR,War of the Spark,Niv-Mizzet Reborn,,,1,1,1,1,1,,,
WTH,Weatherlight,Noble Benefactor,1,1,1,1,,,,,,
EVE,Eventide,Noggle Hedge-Mage,1,1,1,1,1,,,,,
M19,Core Set 2019,Novice Knight,,,,,,,,1,,
LGN,Legions,Noxious Ghoul,,,,,1,1,1,1,,
NPH,New Phyrexia,Noxious Revival,,,,,,,1,1,,
POR,Portal,Noxious Toad,,,,,,,,1,,
HOP,Planechase,Nuisance Engine,,,1,1,1,1,1,,,
ODY,Odyssey,Nut Collector,,,,1,1,1,1,,,
THS,Theros,"Nykthos, Shrine to Nyx",1,1,,,,,,,,
THS,Theros,"Nylea, God of the Hunt",1,1,1,1,1,,,,,
SOK,Saviors of Kamigawa,O-Naginata,,,,,,,,1,,
IMA,Iconic Masters,"Ob Nixilis, the Fallen",,,,,,,,,1,
M21,Core Set 2021,Obsessive Stitcher,,,,1,1,1,1,1,,
C18,Commander 2018,Octopus Umbra,1,1,1,1,1,,,,,
DIS,Dissension,Odds//Ends,1,1,1,1,1,,,,,
M13,Magic 2013,"Odric, Master Tactician",,,,,,,1,1,,
C19,Commander 2019,Ohran Frostfang,,1,,,,,,,,
SOI,Shadows over Innistrad,"Olivia, Mobilized for War",,,,1,1,1,1,1,,
C13,Commander 2013,"Oloro, Ageless Ascetic",1,1,1,1,1,,,,,
BFZ,Battle for Zendikar,"Omnath, Locus of Rage",1,,,,,,,,,
DDL,Duel Decks: Heroes vs. Monsters,Orcish Lumberjack,,,,,1,1,1,1,,
JMP,Jumpstart,"Ormos, Archive Keeper",,,1,1,,,,,,
KHM,Kaldheim,"Orvar, the All-Form",,,,1,1,,,,,
GPT,Guildpact,"Orzhova, the Church of Deals",,,,,,1,1,1,,
SLX,Universes Within,"Othelm, Sigardian Outcast",,,,,,,,,1,
2XM,Double Masters,Oubliette,1,1,1,1,1,1,,,,
ELD,Throne of Eldraine,Outlaws' Merriment,,,,,,,,,1,
P05,Magic Player Rewards 2005,Oxidize,,,,,,,,1,,
A25,Masters 25,Pact of Negation,1,1,1,1,1,1,,,,
BBD,Battlebond,Painful Lesson,,,1,1,1,1,1,,,
CSP,Coldsnap,Panglacial Wurm,,1,1,1,1,1,1,,,
KLD,Kaladesh,Panharmonicon,1,1,1,1,1,1,,,,
NEM,Nemesis,Parallax Wave,1,1,1,1,1,,,,,
TOR,Torment,Parallel Evolution,1,1,1,1,1,1,,,,
IKO,Ikoria: Lair of Behemoths,Parcelbeast,,1,1,,,,,,,
BOK,Betrayers of Kamigawa,Patron of the Akki,1,1,1,1,1,,,,,
BOK,Betrayers of Kamigawa,Patron of the Moon,,,,,,1,1,1,,
ODY,Odyssey,Patron Wizard,1,1,1,1,1,,,,,
ODY,Odyssey,Pedantic Learning,,,1,,,,,,,
EXO,Exodus,Pegasus Stampede,1,1,1,1,1,,,,,
KLD,Kaladesh,Perpetual Timepiece,,,,,,,1,1,,
ODY,Odyssey,Petrified Field,,,,1,1,1,1,1,,
BNG,Born of the Gods,"Phenax, God of Deception",,,,1,1,1,1,1,,
A25,Masters 25,Phyrexian Obliterator,1,1,1,1,,,,,,
USG,Urza's Saga,Phyrexian Tower,1,1,1,,,,,,,
PLS,Planeshift,Phyrexian Tyranny,1,1,1,1,1,,,,,
A25,Masters 25,Pillage,,1,1,1,1,1,1,,,
POR,Portal,Pillaging Horde,,,,,,,,1,,
BBD,Battlebond,Pir's Whim,,,,,,,1,1,1,
UGL,Unglued,Plains,1,1,,,,,,,,
ZEN,Zendikar,Plated Geopede,1,,,,,,,,,
CN2,Conspiracy: Take the Crown,Platinum Angel,1,1,1,1,1,1,,,,
M10,Magic 2010,Polymorph,,,,,1,1,1,1,,
IKO,Ikoria: Lair of Behemoths,Pouncing Shoreshark,1,,,,,,,,,
C13,Commander 2013,Primal Vigor,1,1,1,1,1,1,,,,
M14,Magic 2014,Primeval Bounty,,,1,1,1,1,1,,,
C16,Commander 2016,Prismatic Geoscope,1,1,1,1,1,,,,,
DTK,Dragons of Tarkir,Profaner of the Dead,,,,,,,1,1,1,
CON,Conflux,Progenitus,1,1,1,1,1,,,,,
DDC,Duel Decks: Divine vs. Demonic,Promise of Power,1,1,1,1,1,,,,,
RNA,Ravnica Allegiance,Pteramander,1,1,1,1,,,,,,
MMQ,Mercadian Masques,Puppet's Verdict,1,,,,,,,,,
MB1,Mystery Booster (playtest card),Puresteel Angel,,,,,,1,1,1,,
STH,Stronghold,Pursuit of Knowledge,,,1,1,1,1,1,,,
POR,Portal,Pyroclasm,,,,,,,,1,,
ZEN,Zendikar,Pyromancer Ascension,1,,,,,,,,,
ZEN,Zendikar,Quest for the Holy Relic,,,,,1,1,1,1,,
ALA,Shards of Alara,Rafiq of the Many,,,,,,,,,1,
DOM,Dominaria,Rat Colony,,,,,,,,1,,
C13,Commander 2013,Raven Familiar,,,,,1,1,1,1,,
ONS,Onslaught,Read the Runes,,1,,,,,,,,
OGW,Oath of the Gatewatch,Reality Hemorrhage,,,,,,,,1,,
C19,Commander 2019,Reality Shift,1,1,1,1,1,1,,,,
TSR,Time Spiral Remastered,Reclamation Sage,,,,,,,,1,,
STX,Strixhaven: School of Mages,Reduce to Memory,,,,1,1,1,1,1,,
AKH,Amonkhet,Regal Caracal,1,1,1,,,,,,,
WTH,Weatherlight,Relearn,,,1,1,1,1,1,,,
JMP,Jumpstart,Release the Dogs,,1,1,1,1,1,1,,,
10E,Tenth Edition,Relentless Rats,1,1,1,1,1,1,,,,
OGW,Oath of the Gatewatch,Remorseless Punishment,,,,,,,,,1,
THB,Theros Beyond Death,"Renata, Called to the Hunt",,,1,,,,,,,
CHK,Champions of Kamigawa,Rend Flesh,,,,,,1,1,1,,
SS2,Signature Spellbook: Gideon,Rest in Peace,1,,,,,,,,,
UMA,Ultimate Masters,Resurrection,,,,,1,1,1,1,,
BFZ,Battle for Zendikar,Retreat to Coralhelm,1,,,,,,,,,
UMA,Ultimate Masters,Reveillark,1,1,1,1,1,1,,,,
CMR,Commander Legends,"Reyav, Master Smith",,,,,,,,1,,
LGN,Legions,Riptide Director,,,,1,1,1,1,1,,
ONS,Onslaught,Riptide Laboratory,1,,,,,,,,,
MMQ,Mercadian Masques,Rishadan Brigand,,,,,,1,1,1,,
SS3,Signature Spellbook: Chandra,Rite of Flame,,1,,,,,,,,
CMA,Commander Anthology,Roon of the Hidden Realm,,,,,,,,1,1,
CHK,Champions of Kamigawa,Rootrunner,1,1,1,1,1,,,,,
BBD,Battlebond,Rowan Kenrith,,,1,,,,,,,
C21,Commander 2021,Ruin Grinder,,,,,,,,1,1,
BFZ,Battle for Zendikar,Ruination Guide,1,1,,,,,,,,
SOK,Saviors of Kamigawa,"Rune-Tail, Kitsune Ascendant",,,,,,,,1,,
M21,Core Set 2021,Runed Halo,,,,,,,,,1,
LRW,Lorwyn,Runed Stalactite,,1,1,1,1,1,1,,,
MMQ,Mercadian Masques,Saber Ants,1,1,1,1,1,,,,,
ODY,Odyssey,Sacred Rites,,,,,,,1,1,,
PCA,Planechase Anthology,Sakashima's Student,,,,,,,,1,1,
XLN,Ixalan,Sanguine Sacrament,,,,,,,1,1,1,
TMP,Tempest,Sapphire Medallion,,,,,,1,1,1,,
EVE,Eventide,Scarecrone,1,1,1,1,1,1,,,,
DTK,Dragons of Tarkir,Scion of Ugin,,,,,,,,1,,
CNS,Conspiracy,Scourge of the Throne,1,1,1,1,1,,,,,
FRF,Fate Reforged,Scroll of the Masters,,,1,1,1,1,1,,,
TMP,Tempest,Scroll Rack,1,1,1,,,,,,,
CSP,Coldsnap,Scrying Sheets,,1,1,1,1,1,1,,,
MRD,Mirrodin,Second Sunrise,,,,,,,1,1,,
TSP,Time Spiral,Sedge Sliver,1,1,,,,,,,,
ALA,Shards of Alara,"Sedris, the Traitor King",,,,,,1,1,1,,
DDG,Duel Decks: Knights vs. Dragons,Seething Song,,1,1,1,1,1,1,,,
RTR,Return to Ravnica,Selesnya Keyrune,,,,,,1,1,1,,
EMN,Eldritch Moon,Selfless Spirit,,,,,,1,1,1,1,
CHK,Champions of Kamigawa,Sensei Golden-Tail,1,1,1,1,1,,,,,
EMA,Eternal Masters,Sensei's Divining Top,,,,,,,,1,1,
JUD,Judgment,Serene Sunset,,,,,,1,1,1,,
CHK,Champions of Kamigawa,Seshiro the Anointed,,,,,,,,1,,
C20,Commander 2020,"Shabraz, the Skyshark",,1,,,,,,,,
RAV,Ravnica: City of Guilds,Shambling Shell,1,1,1,1,1,1,,,,
LRW,Lorwyn,Shelldock Isle,1,1,1,1,1,1,,,,
CHK,Champions of Kamigawa,"Shinka, the Bloodsoaked Keep",,,,,,,1,1,,
USG,Urza's Saga,Shivan Gorge,,,,,,,1,1,,
INV,Invasion,Shivan Harvest,,,,,,1,1,1,,
PLC,Planar Chaos,Shivan Meteor,1,1,1,1,1,1,,,,
BOK,Betrayers of Kamigawa,Shuriken,1,1,,,,,,,,
DTK,Dragons of Tarkir,"Sidisi, Undead Vizier",,,,,,1,1,1,1,
AER,Aether Revolt,Siege Modification,,,,,,,,1,,
P10,Magic Player Rewards 2010,Sign in Blood,,,,,,,1,1,,
ELD,Throne of Eldraine,Signpost Scarecrow,,,,,,1,1,1,,
TSR,Time Spiral Remastered,Silence,,,,,1,1,1,1,,
DTK,Dragons of Tarkir,Silumgar Sorcerer,,,,,,,1,1,,
PLC,Planar Chaos,Simian Spirit Guide,1,1,1,1,1,1,,,,
SOK,Saviors of Kamigawa,Sink into Takenuma,,,,,,,,1,,
SOM,Scars of Mirrodin,"Skithiryx, the Blight Dragon",1,1,1,1,1,1,,,,
CSP,Coldsnap,Skred,1,1,1,1,1,,,,,
CMD,Commander,"Skullbriar, the Walking Grave",,,1,1,1,1,1,,,
CMD,Commander,Skullclamp,1,1,1,1,,,,,,
C20,Commander 2020,Skullwinder,,,,,,,,1,,
DIS,Dissension,Sky Hussar,1,1,,,,,,,,
ZNR,Zendikar Rising,Skyclave Shade,,1,1,,,,,,,
RIX,Rivals of Ixalan,Skymarcher Aspirant,,,,,,,1,1,,
NEM,Nemesis,Skyshroud Behemoth,1,1,1,1,1,1,,,,
C15,Commander 2015,Sleep,,,,,1,1,1,1,,
PLS,Planeshift,Sleeping Potion,,,,,1,1,1,1,,
DOM,Dominaria,"Slimefoot, the Stowaway",1,1,1,,,,,,,
ISD,Innistrad,Snapcaster Mage,,,,,,1,1,1,,
USG,Urza's Saga,Sneak Attack,,,,,1,1,1,1,,
RIX,Rivals of Ixalan,Snubhorn Sentry,1,1,1,1,1,1,,,,
TMP,Tempest,Soltari Monk,1,1,1,1,1,1,,,,
DOM,Dominaria,Song of Freyalise,,,,,,,1,1,,
C14,Commander 2014,Song of the Dryads,1,1,1,1,1,1,,,,
SLX,Universes Within,"Sophina, Spearsage Deserter",,,,,,,,,1,
CHK,Champions of Kamigawa,Soratami Savant,,,,,,,,1,,
DOM,Dominaria,Sorcerer's Wand,,,,,1,1,1,1,,
M12,Magic 2012,Sorin Markov,,,,,,,1,1,,
M12,Magic 2012,Sorin's Vengeance,,,,,,,1,1,,
BOK,Betrayers of Kamigawa,Sosuke's Summons,,,,,,,,1,,
M15,Magic 2015,Soul of Zendikar,1,,,,,,,,,
JUD,Judgment,Soulcatchers' Aerie,,,,1,1,1,1,,,
M21,Core Set 2021,Speaker of the Heavens,,,,,,1,1,1,1,
TSP,Time Spiral,Spectral Force,,,,,,,,1,,
XLN,Ixalan,Spell Swindle,,,,1,1,1,1,1,,
10E,Tenth Edition,Spellbook,,,1,1,1,1,1,,,
ARB,Alara Reborn,Spellbound Dragon,,,1,1,1,1,1,,,
EXO,Exodus,Spike Weaver,1,1,1,1,1,,,,,
NPH,New Phyrexia,Spined Thopter,1,1,1,,,,,,,
BNG,Born of the Gods,Spirit of the Labyrinth,,,,,,,,1,,
MH1,Modern Horizons,Splicer's Skill,1,1,1,1,1,,,,,
ROE,Rise of the Eldrazi,Splinter Twin,,,,1,,,,,,
EVE,Eventide,Springjack Shepherd,1,1,1,1,,,,,,
ODY,Odyssey,Squirrel Mob,1,,,,,,,,,
5DN,Fifth Dawn,Staff of Domination,,,,,1,1,1,1,,
TMP,Tempest,Starke of Rath,,,,,,,,1,,
KHM,Kaldheim,Starnheim Aspirant,,,,,,,1,1,,
BFZ,Battle for Zendikar,Stasis Snare,,,,1,1,1,1,,,
EVE,Eventide,Stigma Lasher,,,,,,1,1,1,,
M19,Core Set 2019,Stitcher's Supplier,,,,,,1,1,1,,
DDI,Duel Decks: Venser vs. Koth,Stone Giant,,,,,1,1,1,1,,
JMP,Jumpstart,Stone Haven Pilgrim,,,,,,,,1,,
POR,Portal,Stone Rain,1,1,,,,,,,,
2XM,Double Masters,Stonehewer Giant,,,,1,1,1,1,1,,
MOR,Morningtide,Stonybrook Banneret,1,1,1,1,,,,,,
MOR,Morningtide,Stonybrook Schoolmaster,,,1,1,1,1,1,,,
FUT,Future Sight,Storm Entity,,,,1,1,1,1,1,,
DCI,Magic Game Day,Strangleroot Geist,,,,,,,1,1,,
APC,Apocalypse,Strength of Night,,,,,,1,1,1,,
ROE,Rise of the Eldrazi,Student of Warfare,,,,,,1,1,1,,
E01,Archenemy: Nicol Bolas,Sun Titan,,,,1,1,1,1,1,,
PLS,Planeshift,Sunscape Battlemage,1,1,1,1,1,,,,,
A25,Masters 25,Swiftfoot Boots,1,1,1,1,1,1,,,,
WAR,War of the Spark,"Tamiyo, Collector of Tales",,,,,,,,1,1,
SOI,Shadows over Innistrad,Tamiyo's Journal,1,1,1,,,,,,,
DTK,Dragons of Tarkir,Tapestry of the Ages,,,,,,,,1,,
FUT,Future Sight,Tarmogoyf,,,,1,,,,,,
DOM@,Dominaria,"Teferi, Hero of Dominaria",,,,,,1,1,1,,
INV,Invasion,Tek,1,1,1,1,1,,,,,
DOM,Dominaria,Tempest Djinn,,,,,1,1,1,1,1,
UMA,Ultimate Masters,Temporal Manipulation,1,1,1,1,,,,,,
BOK,Betrayers of Kamigawa,Tendo Ice Bridge,,,,,,,,1,,
P09,Magic Player Rewards 2009,Terminate,1,1,,,,,,,,
M19,Core Set 2019,"Tezzeret, Artifice Master",,,,,,,,1,1,
AER,Aether Revolt,Tezzeret's Betrayal,,,,,,,,1,1,
SOI,Shadows over Innistrad,Thalia's Lieutenant,,,,,,,1,1,1,
BOK,Betrayers of Kamigawa,That Which Was Taken,,,,,,,,1,,
M15,Magic 2015,The Chain Veil,1,1,1,1,1,1,,,,
DOM,Dominaria,The Flame of Keld,1,1,1,,,,,,,
DDS,Duel Decks: Mind vs. Might,The Unspeakable,,,,,,,,1,1,
WAR,War of the Spark,The Wanderer,,,,,,,,1,,
MMQ,Mercadian Masques,Thieves' Auction,,,,,,1,1,1,,
C15,Commander 2015,Thought Vessel,1,1,1,1,1,1,,,,
OGW,Oath of the Gatewatch,Thought-Knot Seer,1,,,,,,,,,
DDN,Duel Decks: Speed vs. Cunning,Thousand Winds,,,,,,,,1,1,
LRW,Lorwyn,Thousand-Year Elixir,,,,,,,,1,,
CSP,Coldsnap,Thrumming Stone,1,1,,,,,,,,
WAR,War of the Spark,"Tibalt, Rakish Instigator",,1,,,,,,,,
DOM,Dominaria,Time of Ice,,,,1,1,1,1,1,,
SOI,Shadows over Innistrad,Tireless Tracker,,,,1,1,1,1,,,
BOK,Betrayers of Kamigawa,Toils of Night and Day,,,,,,1,1,1,,
FUT,Future Sight,Tombstalker,1,1,1,1,1,,,,,
STH,Stronghold,Tortured Existence,1,1,1,1,1,1,,,,
MMQ,Mercadian Masques,Trade Routes,,,,,1,1,1,1,,
MBS,Mirrodin Besieged,Training Drone,,,,,,,1,1,,
ROE,Rise of the Eldrazi,Training Grounds,1,1,1,1,,,,,,
M19,Core Set 2019,Transmogrifying Wand,,,,,1,1,1,1,1,
C17,Commander 2017,Traverse the Outlands,,,,,1,1,1,1,1,
JUD,Judgment,Treacherous Werewolf,,,,,,1,1,1,,
EXO,Exodus,Treasure Trove,,,,,1,1,1,1,,
C15,Commander 2015,Treasury Thrull,,,,,,,,,1,
MRD,Mirrodin,Tree of Tales,1,,,,,,,,,
M15,Magic 2015,Triplicate Spirits,1,1,1,1,,,,,,
PO2,Portal Second Age,Trokin High Guard,1,1,1,,,,,,,
ZEN,Zendikar,Trusty Machete,1,,,,,,,,,
CM2,Commander Anthology Volume II,Tuktuk the Explorer,1,1,1,1,,,,,,
RIX,Rivals of Ixalan,Twilight Prophet,,,,,,,1,1,1,
M20,Core Set 2020,Twinblade Paladin,,,,,1,1,1,1,,
THB,Theros Beyond Death,"Tymaret, Chosen from Death",,,,,1,,,,,
SOI,Shadows over Innistrad,Ulvenwald Mysteries,1,1,1,1,1,1,,,,
SHM,Shadowmoor,Umbral Mantle,,,,,,1,1,1,,
BOK,Betrayers of Kamigawa,Umezawa's Jitte,,,,,,,,1,,
MH1,Modern Horizons,Unbound Flourishing,,,1,1,1,1,1,,,
ISD,Innistrad,Unburial Rites,1,1,1,1,1,1,,,,
M10,Magic 2010,Undead Slayer,,,,,1,1,1,1,,
GTC,Gatecrash,Unexpected Results,,,1,1,1,1,1,,,
ONS,Onslaught,Unholy Grotto,,,,,,1,1,1,,
NPH,New Phyrexia,Unwinding Clock,,,,,,,1,1,,
IMA,Iconic Masters,Urabrask the Hidden,,,,,,,,,1,
MIR,Mirage,Urborg Panther,1,1,1,1,1,,,,,
UMA,Ultimate Masters,"Urborg, Tomb of Yawgmoth",,,,1,1,1,1,,,
THB,Theros Beyond Death,"Uro, Titan of Nature's Wrath",,,1,1,,,,,,
ULG,Urza's Legacy,Urza's Blueprints,1,1,1,1,1,1,,,,
ZEN,Zendikar,Vampire Nighthawk,1,,,,,,,,,
M10,Magic 2010,Vampire Nocturnus,1,1,1,1,,,,,,
POR,Portal,Vampiric Feast,,,,,,,1,1,,
EMA,Eternal Masters,Vampiric Tutor,,,,,,,1,1,1,
BNG,Born of the Gods,Vanguard of Brimaz,1,1,1,1,1,,,,,
5DN,Fifth Dawn,Vedalken Orrery,,,,,,1,1,1,,
M20,Core Set 2020,Veil of Summer,,,,1,1,1,1,,,
PC2,Planechase 2012,Vela the Night-Clad,,,,,,,1,1,,
ROE,Rise of the Eldrazi,Venerated Teacher,,,1,1,1,1,1,,,
MMQ,Mercadian Masques,Vernal Equinox,,1,1,1,1,1,1,,,
TSP,Time Spiral,Vesuva,1,1,1,1,1,1,,,,
KLD,Kaladesh,Veteran Motorist,,,,,,,,1,,
CMA,Commander Anthology,Victimize,1,1,1,1,1,1,,,,
PCY,Prophecy,Vintara Snapper,,,,,,,,1,,
BBD,Battlebond,Virtus the Veiled,1,,,,,,,,,
RTR,Return to Ravnica,Vitu-Ghazi Guildmage,1,1,,,,,,,,
M19,Core Set 2019,Vivien Reid,,,,,,,,,1,
WTH,Weatherlight,Vodalian Illusionist,1,1,1,1,,,,,,
CON,Conflux,Voracious Dragon,1,1,1,1,1,,,,,
NPH,New Phyrexia,"Vorinclex, Voice of Hunger",,1,,,,,,,,
CMR,Commander Legends,Vow of Lightning,,,,,,,1,1,,
THS,Theros,Vulpine Goliath,,,,,,,,1,,
DIS,Dissension,Walking Archive,,,1,1,1,1,1,,,
MRD,Mirrodin,Wall of Blood,,,,,,,1,1,,
KHM,Kaldheim,Warchanter Skald,,,,,,,,1,,
RAV,Ravnica: City of Guilds,Warp World,1,1,1,1,1,1,,,,
THS,Theros,Warriors' Lesson,,,1,1,1,1,1,,,
C17,Commander 2017,"Wasitora, Nekoru Queen",,,,,,,,,1,
OGW,Oath of the Gatewatch,Wastes,1,1,1,,,,,,,
5DN,Fifth Dawn,Wayfarer’s Bauble,1,1,1,1,1,,,,,
DOM,Dominaria,Weatherlight,1,1,1,1,1,1,,,,
SLX,Universes Within,"Wernog, Rider's Chaplain",,,,,,,,,1,
SHM,Shadowmoor,Wheel of Sun and Moon,,,,,,,1,1,,
ZNC,Zendikar Rising Commander decks,Whispersteel Dagger,,,,,,,,1,1,
APC,Apocalypse,Wild Research,1,1,1,1,1,,,,,
BBD,Battlebond,Will Kenrith,,,1,,,,,,,
A25,Masters 25,Will-o'-the-Wisp,,,,,1,1,1,1,,
POR,Portal,Willow Dryad,1,1,1,,,,,,,
CMD,Commander,Windborn Muse,,,,,,1,1,1,,
MH1,Modern Horizons,Winds of Abandon,1,,,,,,,,,
C13,Commander 2013,Witch Hunt,,,,,,1,1,1,,
JMP,Jumpstart,Witch of the Moors,,,,,,1,1,1,1,
GPT,Guildpact,Witch-Maw Nephilim,,,,,,,1,1,,
ELD,Throne of Eldraine,Witch's Oven,,,,,,1,1,1,,
THS,Theros,Witches' Eye,,,,,,,1,1,,
M14,Magic 2014,Witchstalker,,,,,,,1,1,,
LRW,Lorwyn,Wizened Cenn,1,1,1,1,,,,,,
AVR,Avacyn Restored,Wolfir Silverheart,,,,,,1,1,1,,
ISD,Innistrad,Wooden Stake,,,,,,,1,1,,
EXO,Exodus,Workhorse,1,1,1,1,,,,,,
USG,Urza's Saga,Worn Powerstone,1,1,1,1,1,1,,,,
POR,Portal,Wrath of God,1,1,1,,,,,,,
MH1,Modern Horizons,Wrenn and Six,1,1,,,,,,,,
ULG,Urza's Legacy,Yavimaya Scion,1,1,1,1,,,,,,
M15,Magic 2015,"Yisan, the Wanderer Bard",,,,,1,1,1,1,,
GPT,Guildpact,Yore-Tiller Nephilim,,1,1,1,1,1,1,,,
M14,Magic 2014,Young Pyromancer,,,1,1,1,1,1,,,
RIX,Rivals of Ixalan,"Zacama, Primal Calamity",,,,,,,,,1,
ORI,Magic Origins,Zendikar Incarnate,1,,,,,,,,,
OGW,Oath of the Gatewatch,Zendikar Resurgent,1,,,,,,,,,
ODY,Odyssey,"Aboshan, Cephalid Emperor",,,,,,,,,,1
GK1,Guilds of Ravnica Guild Kits,Abrupt Decay,,,,,,,,,,1
XLN,Ixalan,Admiral Beckett Brass,,,,,,,,,,1
EVG,Duel Decks Anthology,Akki Coalflinger,,,,,,,,,,1
POR,Portal,Alabaster Dragon,,,,,,,,,,1
5DN,Fifth Dawn,All Suns' Dawn,,,,,,,,,,1
AKH,Amonkhet,Anointed Procession,,,,,,,,,,1
BNG,Born of the Gods,Archetype of Aggression,,,,,,,,,,1
ARB,Alara Reborn,Architects of Will,,,,,,,,,,1
RNA,Ravnica Allegiance,Archway Angel,,,,,,,,,,1
SLX,Universes Within,"Arvinox, the Mind Flail",,,,,,,,,,1
MH2,Modern Horizons 2,Asmoranomardicadaistinaculdacar,,,,,,,,,,1
IMA,Iconic Masters,Assault Formation,,,,,,,,,,1
UDS,Urza's Destiny,Aura Thief,,,,,,,,,,1
DDD,Duel Decks: Garruk vs. Liliana,Bad Moon,,,,,,,,,,1
TSR,Time Spiral Remastered,"Baral, Chief of Compliance",,,,,,,,,,1
ODY,Odyssey,Barbarian Ring,,,,,,,,,,1
NPH,New Phyrexia,Batterskull,,,,,,,,,,1
USG,Urza's Saga,Bedlam,,,,,,,,,,1
XLN,Ixalan,Belligerent Brontodon,,,,,,,,,,1
GPT,Guildpact,Benediction of Moons,,,,,,,,,,1
SLX,Universes Within,"Bjorna, Nightfall Alchemist",,,,,,,,,,1
BOK,Betrayers of Kamigawa,Blazing Shoal,,,,,,,,,,1
SOK,Saviors of Kamigawa,Blood Clock,,,,,,,,,,1
DIS,Dissension,Blood Crypt,,,,,,,,,,1
A25,Masters 25,Blood Moon,,,,,,,,,,1
TMP,Tempest,Blood Pet,,,,,,,,,,1
C13,Commander 2013,Blood Rites,,,,,,,,,,1
ZEN,Zendikar,Bloodchief Ascension,,,,,,,,,,1
WTH,Weatherlight,Boiling Blood,,,,,,,,,,1
EMA,Eternal Masters,"Brago, King Eternal",,,,,,,,,,1
CMR,Commander Legends,"Brinelin, the Moon Kraken",,,,,,,,,,1
C15,Commander 2015,Broodbirth Viper,,,,,,,,,,1
AFC,Forgotten Realms Commander,Bucknard's Everfull Purse,,,,,,,,,,1
GTC,Gatecrash,Call of the Nightwing,,,,,,,,,,1
M20,Core Set 2020,Cavalier of Night,,,,,,,,,,1
SLX,Universes Within,"Cecily, Haunted Mage",,,,,,,,,,1
MMQ,Mercadian Masques,Ceremonial Guard,,,,,,,,,,1
M11,Magic 2011,Chandra Nalaar,,,,,,,,,,1
MRD,Mirrodin,Clockwork Dragon,,,,,,,,,,1
POR,Portal,Cloud Dragon,,,,,,,,,,1
RAV,Ravnica: City of Guilds,Clutch of the Undercity,,,,,,,,,,1
KLD,Kaladesh,Commencement of Festivities,,,,,,,,,,1
AFR,Adventures in the Forgotten Realms,Component Pouch,,,,,,,,,,1
STX,Strixhaven: School of Mages,Confront the Past,,,,,,,,,,1
M13,Magic 2013,Crimson Muckwader,,,,,,,,,,1
C17,Commander 2017,"Crosis, the Purger",,,,,,,,,,1
WAR,War of the Spark,Cruel Celebrant,,,,,,,,,,1
SOI,Shadows over Innistrad,Cult of the Waxing Moon,,,,,,,,,,1
DKA,Dark Ascension,Curse of Echoes,,,,,,,,,,1
ORI,Magic Origins,Day's Undoing,,,,,,,,,,1
P02,Portal Second Age,Deathcoil Wurm,,,,,,,,,,1
M11,Magic 2011,Demon of Death's Gate,,,,,,,,,,1
ARB,Alara Reborn,Deny Reality,,,,,,,,,,1
UMA,Ultimate Masters,Devoted Druid,,,,,,,,,,1
AER,Aether Revolt,Dispersal Technician,,,,,,,,,,1
NEM,Nemesis,Divining Witch,,,,,,,,,,1
STX,Strixhaven: School of Mages,Dragon's Approach,,,,,,,,,,1
MH2,Modern Horizons 2,Dragon's Rage Channeler,,,,,,,,,,1
ODY,Odyssey,Druid's Call,,,,,,,,,,1
MIR,Mirage,Early Harvest,,,,,,,,,,1
ELD,Throne of Eldraine,Edgewall Innkeeper,,,,,,,,,,1
JOU,Journey into Nyx,Eidolon of Blossoms,,,,,,,,,,1
SLX,Universes Within,"Elmar, Ulvenwald Informant",,,,,,,,,,1
THB,Theros Beyond Death,"Elspeth, Undaunted Hero",,,,,,,,,,1
XLN,Ixalan,Emissary of Sunrise,,,,,,,,,,1
USG,Urza's Saga,Endless Wurm,,,,,,,,,,1
TSP,Time Spiral,"Endrek Sahr, Master Breeder",,,,,,,,,,1
RNA,Ravnica Allegiance,Expose to Daylight,,,,,,,,,,1
JMP,Jumpstart,Exquisite Blood,,,,,,,,,,1
IKO,Ikoria: Lair of Behemoths,Exuberant Wolfbear,,,,,,,,,,1
DDQ,Duel Decks: Sorin vs. Tibalt,Faithless Looting,,,,,,,,,,1
M14,Magic 2014,Fiendslayer Paladin,,,,,,,,,,1
ELD,Throne of Eldraine,Fierce Witchstalker,,,,,,,,,,1
AFR,Adventures in the Forgotten Realms,Fifty Feet of Rope,,,,,,,,,,1
BOK,Betrayers of Kamigawa,Final Judgment,,,,,,,,,,1
DGM,Dragon's Maze,Flesh // Blood,,,,,,,,,,1
MH2,Modern Horizons 2,Floodhound,,,,,,,,,,1
ELD,Throne of Eldraine,Flutterfox,,,,,,,,,,1
FUT,Future Sight,Force of Savagery,,,,,,,,,,1
KHM,Kaldheim,Forging the Tyrite Sword,,,,,,,,,,1
PLS,Planeshift,Forsaken City,,,,,,,,,,1
MMQ,Mercadian Masques,Fountain Watch,,,,,,,,,,1
AKH,Amonkhet,Gate to the Afterlife,,,,,,,,,,1
DKA,Dark Ascension,Geralf's Messenger,,,,,,,,,,1
GPT,Guildpact,Ghostway,,,,,,,,,,1
MOR,Morningtide,Gilt-Leaf Archdruid,,,,,,,,,,1
EMN,Eldritch Moon,Gisa and Geralf,,,,,,,,,,1
KHM,Kaldheim,Goldspan Dragon,,,,,,,,,,1
10E,Tenth Edition,Graveborn Muse,,,,,,,,,,1
ONS,Onslaught,Gravespawn Sovereign,,,,,,,,,,1
ISD,Innistrad,Gutter Grime,,,,,,,,,,1
ROE,Rise of the Eldrazi,Guul Draz Assassin,,,,,,,,,,1
CHK,Champions of Kamigawa,Hall of the Bandit Lord,,,,,,,,,,1
MH2,Modern Horizons 2,Hard Evidence,,,,,,,,,,1
SLX,Universes Within,"Hargilde, Kindly Runechanter",,,,,,,,,,1
SOK,Saviors of Kamigawa,Haru-Onna,,,,,,,,,,1
CNS,Conspiracy,Heartless Hidetsugu,,,,,,,,,,1
RAV,Ravnica: City of Guilds,Helldozer,,,,,,,,,,1
DKA,Dark Ascension,Helvault,,,,,,,,,,1
BOK,Betrayers of Kamigawa,"Hokori, Dust Drinker",,,,,,,,,,1
EMA,Eternal Masters,Honden of Infinite Rage,,,,,,,,,,1
CHK,Champions of Kamigawa,Honden of Seeing Winds,,,,,,,,,,1
M10,Magic 2010,Howling Mine,,,,,,,,,,1
TSP,Time Spiral,"Ib Halfheart, Goblin Tactician",,,,,,,,,,1
APC,Apocalypse,Illusion // Reality,,,,,,,,,,1
GTC,Gatecrash,Illusionist's Bracers,,,,,,,,,,1
BOK,Betrayers of Kamigawa,"Ink-Eyes, Servant of Oni",,,,,,,,,,1
WAR,War of the Spark,Invade the City,,,,,,,,,,1
MH2,Modern Horizons 2,Jade Avenger,,,,,,,,,,1
TMP,Tempest,Jet Medallion,,,,,,,,,,1
NPH,New Phyrexia,"Jin-Gitaxias, Core Augur",,,,,,,,,,1
ROE,Rise of the Eldrazi,Joraga Treespeaker,,,,,,,,,,1
IMA,Iconic Masters,"Jugan, the Rising Star",,,,,,,,,,1
INV,Invasion,Juntu Stakes,,,,,,,,,,1
CMD,Commander,"Karador, Ghost Chieftain",,,,,,,,,,1
BNG,Born of the Gods,"Karametra, God of Harvests",,,,,,,,,,1
C14,Commander 2014,Karoo,,,,,,,,,,1
C21,Commander 2021,"Kaseto, Orochi Archmage",,,,,,,,,,1
CON,Conflux,Kederekt Parasite,,,,,,,,,,1
CHK,Champions of Kamigawa,"Kiki-Jiki, Mirror Breaker",,,,,,,,,,1
M12,Magic 2012,Kite Shield,,,,,,,,,,1
WAR,War of the Spark,"Krenko, Tin Street Kingpin",,,,,,,,,,1
AFR,Adventures in the Forgotten Realms,Krydle of Baldur's Gate,,,,,,,,,,1
MH2,Modern Horizons 2,Late to Dinner,,,,,,,,,,1
GN2,Game Night 2019,"Lathliss, Dragon Queen",,,,,,,,,,1
DDK,Duel Decks: Sorin vs. Tibalt,Lavaborn Muse,,,,,,,,,,1
AFR,Adventures in the Forgotten Realms,Leather Armor,,,,,,,,,,1
ARB,Alara Reborn,Lich Lord of Unx,,,,,,,,,,1
TMP,Tempest,Light of Day,,,,,,,,,,1
ZNR,Zendikar Rising,"Linvala, Shield of Sea Gate",,,,,,,,,,1
TOR,Torment,"Llawan, Cephalid Empress",,,,,,,,,,1
AFR,Adventures in the Forgotten Realms,"Lolth, Spider Queen",,,,,,,,,,1
RAV,Ravnica: City of Guilds,Loxodon Gatekeeper,,,,,,,,,,1
C18,Commander 2018,Loyal Apprentice,,,,,,,,,,1
ELD,Throne of Eldraine,Lucky Clover,,,,,,,,,,1
5DN,Fifth Dawn,Lunar Avenger,,,,,,,,,,1
AFR,Adventures in the Forgotten Realms,Magic Missile,,,,,,,,,,1
FUT,Future Sight,Magus of the Moon,,,,,,,,,,1
AVR,Avacyn Restored,Malignus,,,,,,,,,,1
DGM,Dragon's Maze,Maze's End,,,,,,,,,,1
SOK,Saviors of Kamigawa,"Michiko Konda, Truth Seeker",,,,,,,,,,1
ELD,Throne of Eldraine,Midnight Clock,,,,,,,,,,1
AFR,Adventures in the Forgotten Realms,Mimic,,,,,,,,,,1
RAV,Ravnica: City of Guilds,Mindmoil,,,,,,,,,,1
AFR,Adventures in the Forgotten Realms,"Minsc, Beloved Ranger",,,,,,,,,,1
BOK,Betrayers of Kamigawa,Mirror Gallery,,,,,,,,,,1
SHM,Shadowmoor,Mistmeadow Witch,,,,,,,,,,1
WAR,War of the Spark,Mizzium Tank,,,,,,,,,,1
TMP,Tempest,Mongrel Pack,,,,,,,,,,1
EVE,Eventide,Moonhold,,,,,,,,,,1
TSP,Time Spiral,Moonlace,,,,,,,,,,1
EVE,Eventide,Murkfiend Liege,,,,,,,,,,1
CHK,Champions of Kamigawa,"Nagao, Bound by Honor",,,,,,,,,,1
APC,Apocalypse,Night // Day,,,,,,,,,,1
ONS,Onslaught,Nova Cleric,,,,,,,,,,1
M19,Core Set 2019,Novice Knight,,,,,,,,,,1
NPH,New Phyrexia,Noxious Revival,,,,,,,,,,1
POR,Portal,Noxious Toad,,,,,,,,,,1
SOK,Saviors of Kamigawa,O-Naginata,,,,,,,,,,1
IMA,Iconic Masters,"Ob Nixilis, the Fallen",,,,,,,,,,1
M13,Magic 2013,"Odric, Master Tactician",,,,,,,,,,1
AFR,Adventures in the Forgotten Realms,Old Gnawbone,,,,,,,,,,1
IKO,Ikoria: Lair of Behemoths,Ominous Seas,,,,,,,,,,1
DGM,Dragon's Maze,Opal Lake Gatekeepers,,,,,,,,,,1
GPT,Guildpact,"Orzhova, the Church of Deals",,,,,,,,,,1
SLX,Universes Within,"Othelm, Sigardian Outcast",,,,,,,,,,1
ELD,Throne of Eldraine,Outlaws' Merriment,,,,,,,,,,1
10E,Tenth Edition,Paladin en-Vec,,,,,,,,,,1
RAV,Ravnica: City of Guilds,Pariah's Shield,,,,,,,,,,1
BOK,Betrayers of Kamigawa,Patron of the Moon,,,,,,,,,,1
TSP,Time Spiral,Pentarch Paladin,,,,,,,,,,1
KLD,Kaladesh,Perpetual Timepiece,,,,,,,,,,1
POR,Portal,Pillaging Horde,,,,,,,,,,1
BBD,Battlebond,Pir's Whim,,,,,,,,,,1
RIX,Rivals of Ixalan,Pitiless Plunderer,,,,,,,,,,1
CNS,Conspiracy,Plea for Power,,,,,,,,,,1
DTK,Dragons of Tarkir,Profaner of the Dead,,,,,,,,,,1
NPH,New Phyrexia,Puresteel Paladin,,,,,,,,,,1
POR,Portal,Pyroclasm,,,,,,,,,,1
WWK,Worldwake,Quest for the Nihil Stone,,,,,,,,,,1
ONS,Onslaught,Quicksilver Dragon,,,,,,,,,,1
ALA,Shards of Alara,Ranger of Eos,,,,,,,,,,1
DOM,Dominaria,Rat Colony,,,,,,,,,,1
OGW,Oath of the Gatewatch,Reality Hemorrhage,,,,,,,,,,1
TSR,Time Spiral Remastered,Reclamation Sage,,,,,,,,,,1
OGW,Oath of the Gatewatch,Remorseless Punishment,,,,,,,,,,1
CHK,Champions of Kamigawa,Rend Flesh,,,,,,,,,,1
ROE,Rise of the Eldrazi,Repay in Kind,,,,,,,,,,1
CMR,Commander Legends,"Reyav, Master Smith",,,,,,,,,,1
M20,Core Set 2020,Risen Reef,,,,,,,,,,1
MMQ,Mercadian Masques,Rishadan Brigand,,,,,,,,,,1
CMA,Commander Anthology,Roon of the Hidden Realm,,,,,,,,,,1
C21,Commander 2021,Ruin Grinder,,,,,,,,,,1
SOK,Saviors of Kamigawa,"Rune-Tail, Kitsune Ascendant",,,,,,,,,,1
M21,Core Set 2021,Runed Halo,,,,,,,,,,1
ODY,Odyssey,Sacred Rites,,,,,,,,,,1
PCA,Planechase Anthology,Sakashima's Student,,,,,,,,,,1
XLN,Ixalan,Sanguine Sacrament,,,,,,,,,,1
TMP,Tempest,Sapphire Medallion,,,,,,,,,,1
DTK,Dragons of Tarkir,Scion of Ugin,,,,,,,,,,1
TSP,Time Spiral,Scryb Ranger,,,,,,,,,,1
KHC,Kaldheim Commander,Sea Gate Oracle,,,,,,,,,,1
RTR,Return to Ravnica,Search the City,,,,,,,,,,1
MRD,Mirrodin,Second Sunrise,,,,,,,,,,1
ALA,Shards of Alara,"Sedris, the Traitor King",,,,,,,,,,1
RTR,Return to Ravnica,Selesnya Keyrune,,,,,,,,,,1
EMN,Eldritch Moon,Selfless Spirit,,,,,,,,,,1
EMA,Eternal Masters,Sensei's Divining Top,,,,,,,,,,1
PLC,Planar Chaos,Serendib Sorcerer,,,,,,,,,,1
JUD,Judgment,Serene Sunset,,,,,,,,,,1
CHK,Champions of Kamigawa,Seshiro the Anointed,,,,,,,,,,1
SHM,Shadowmoor,Shield of the Oversoul,,,,,,,,,,1
CHK,Champions of Kamigawa,"Shinka, the Bloodsoaked Keep",,,,,,,,,,1
USG,Urza's Saga,Shivan Gorge,,,,,,,,,,1
INV,Invasion,Shivan Harvest,,,,,,,,,,1
AER,Aether Revolt,Siege Modification,,,,,,,,,,1
P10,Magic Player Rewards 2010,Sign in Blood,,,,,,,,,,1
ELD,Throne of Eldraine,Signpost Scarecrow,,,,,,,,,,1
DTK,Dragons of Tarkir,Silumgar Sorcerer,,,,,,,,,,1
ONS,Onslaught,"Silvos, Rogue Elemental",,,,,,,,,,1
SOK,Saviors of Kamigawa,Sink into Takenuma,,,,,,,,,,1
C20,Commander 2020,Skullwinder,,,,,,,,,,1
RIX,Rivals of Ixalan,Skymarcher Aspirant,,,,,,,,,,1
ISD,Innistrad,Snapcaster Mage,,,,,,,,,,1
DOM,Dominaria,Song of Freyalise,,,,,,,,,,1
SLX,Universes Within,"Sophina, Spearsage Deserter",,,,,,,,,,1
CHK,Champions of Kamigawa,Soratami Savant,,,,,,,,,,1
M12,Magic 2012,Sorin Markov,,,,,,,,,,1
M12,Magic 2012,Sorin's Vengeance,,,,,,,,,,1
BOK,Betrayers of Kamigawa,Sosuke's Summons,,,,,,,,,,1
TSP,Time Spiral,Spectral Force,,,,,,,,,,1
BNG,Born of the Gods,Spirit of the Labyrinth,,,,,,,,,,1
ZNR,Zendikar Rising,Spoils of Adventure,,,,,,,,,,1
TMP,Tempest,Starke of Rath,,,,,,,,,,1
KHM,Kaldheim,Starnheim Aspirant,,,,,,,,,,1
EVE,Eventide,Stigma Lasher,,,,,,,,,,1
M19,Core Set 2019,Stitcher's Supplier,,,,,,,,,,1
JMP,Jumpstart,Stone Haven Pilgrim,,,,,,,,,,1
APC,Apocalypse,Strength of Night,,,,,,,,,,1
ROE,Rise of the Eldrazi,Student of Warfare,,,,,,,,,,1
USG,Urza's Saga,Sunder,,,,,,,,,,1
STH,Stronghold,Sword of the Chosen,,,,,,,,,,1
WAR,War of the Spark,"Tamiyo, Collector of Tales",,,,,,,,,,1
DTK,Dragons of Tarkir,Tapestry of the Ages,,,,,,,,,,1
BOK,Betrayers of Kamigawa,Tendo Ice Bridge,,,,,,,,,,1
M19,Core Set 2019,"Tezzeret, Artifice Master",,,,,,,,,,1
AER,Aether Revolt,Tezzeret's Betrayal,,,,,,,,,,1
SOI,Shadows over Innistrad,Thalia's Lieutenant,,,,,,,,,,1
BOK,Betrayers of Kamigawa,That Which Was Taken,,,,,,,,,,1
DDS,Duel Decks: Mind vs. Might,The Unspeakable,,,,,,,,,,1
WAR,War of the Spark,The Wanderer,,,,,,,,,,1
MMQ,Mercadian Masques,Thieves' Auction,,,,,,,,,,1
DDN,Duel Decks: Speed vs. Cunning,Thousand Winds,,,,,,,,,,1
LRW,Lorwyn,Thousand-Year Elixir,,,,,,,,,,1
ZNR,Zendikar Rising,Thundering Sparkmage,,,,,,,,,,1
AFR,Adventures in the Forgotten Realms,Tiamat,,,,,,,,,,1
MH2,Modern Horizons 2,Tireless Provisioner,,,,,,,,,,1
BOK,Betrayers of Kamigawa,Toils of Night and Day,,,,,,,,,,1
MBS,Mirrodin Besieged,Training Drone,,,,,,,,,,1
JUD,Judgment,Treacherous Werewolf,,,,,,,,,,1
10E,Tenth Edition,Treasure Hunter,,,,,,,,,,1
C15,Commander 2015,Treasury Thrull,,,,,,,,,,1
RIX,Rivals of Ixalan,Twilight Prophet,,,,,,,,,,1
SHM,Shadowmoor,Umbral Mantle,,,,,,,,,,1
BOK,Betrayers of Kamigawa,Umezawa's Jitte,,,,,,,,,,1
AFC,Forgotten Realms Commander,Underdark Rift,,,,,,,,,,1
ONS,Onslaught,Unholy Grotto,,,,,,,,,,1
NPH,New Phyrexia,Unwinding Clock,,,,,,,,,,1
IMA,Iconic Masters,Urabrask the Hidden,,,,,,,,,,1
POR,Portal,Vampiric Feast,,,,,,,,,,1
EMA,Eternal Masters,Vampiric Tutor,,,,,,,,,,1
5DN,Fifth Dawn,Vedalken Orrery,,,,,,,,,,1
PC2,Planechase 2012,Vela the Night-Clad,,,,,,,,,,1
KLD,Kaladesh,Veteran Motorist,,,,,,,,,,1
PCY,Prophecy,Vintara Snapper,,,,,,,,,,1
M19,Core Set 2019,Vivien Reid,,,,,,,,,,1
EXO,Exodus,Volrath's Dungeon,,,,,,,,,,1
CMR,Commander Legends,Vow of Lightning,,,,,,,,,,1
THS,Theros,Vulpine Goliath,,,,,,,,,,1
MRD,Mirrodin,Wall of Blood,,,,,,,,,,1
KHM,Kaldheim,Warchanter Skald,,,,,,,,,,1
C17,Commander 2017,"Wasitora, Nekoru Queen",,,,,,,,,,1
SLX,Universes Within,"Wernog, Rider's Chaplain",,,,,,,,,,1
SHM,Shadowmoor,Wheel of Sun and Moon,,,,,,,,,,1
ZNC,Zendikar Rising Commander decks,Whispersteel Dagger,,,,,,,,,,1
CMD,Commander,Windborn Muse,,,,,,,,,,1
C13,Commander 2013,Witch Hunt,,,,,,,,,,1
JMP,Jumpstart,Witch of the Moors,,,,,,,,,,1
GPT,Guildpact,Witch-Maw Nephilim,,,,,,,,,,1
ELD,Throne of Eldraine,Witch's Oven,,,,,,,,,,1
THS,Theros,Witches' Eye,,,,,,,,,,1
M14,Magic 2014,Witchstalker,,,,,,,,,,1
AFR,Adventures in the Forgotten Realms,Wizard Class,,,,,,,,,,1
DOM,Dominaria,Wizard's Retort,,,,,,,,,,1
AVR,Avacyn Restored,Wolfir Silverheart,,,,,,,,,,1
ISD,Innistrad,Wooden Stake,,,,,,,,,,1
JUD,Judgment,Worldgorger Dragon,,,,,,,,,,1
INV,Invasion,Yavimaya Barbarian,,,,,,,,,,1
RIX,Rivals of Ixalan,"Zacama, Primal Calamity",,,,,,,,,,1